{"cameraMode":{"drawMode":0,"name":"Shaded","section":"Shading Mode"},"sceneLighting":true,"audioPlay":false,"sceneViewState":{"m_AlwaysRefresh":false,"showFog":true,"showSkybox":true,"showFlares":true,"showImageEffects":true,"showParticleSystems":true,"showVisualEffectGraphs":true,"m_FxEnabled":true},"in2DMode":false,"pivot":{"x":1.472883939743042,"y":9.93539047241211,"z":8.942890167236329},"rotation":{"x":0.04229700565338135,"y":0.002993453061208129,"z":-0.00012652546865865588,"w":0.9991028904914856},"size":14.049999237060547,"orthographic":false}