{"cameraMode":{"drawMode":0,"name":"Shaded","section":"Shading Mode"},"sceneLighting":false,"audioPlay":false,"sceneViewState":{"m_AlwaysRefresh":false,"showFog":true,"showSkybox":false,"showFlares":true,"showImageEffects":true,"showParticleSystems":true,"showVisualEffectGraphs":true,"m_FxEnabled":true},"in2DMode":false,"pivot":{"x":0.04906439781188965,"y":12.097864151000977,"z":0.005068719387054443},"rotation":{"x":0.028805287554860116,"y":0.005993611644953489,"z":-0.00017252338875550777,"w":0.9995682835578919},"size":1.9695582389831544,"orthographic":false}